game,from_frame,to_frame,fen
2,200,200,rnbqkbnr/pppppppp/8/8/8/8/PPPPPPPP/RNBQKBNR
2,588,588,rnbqkbnr/pppppppp/8/8/3P4/8/PPP1PPPP/RNBQKBNR
2,620,620,rnbqkbnr/ppp1pppp/8/3p4/3P4/8/PPP1PPPP/RNBQKBNR
2,840,840,rnbqkbnr/ppp1pppp/8/3p4/2PP4/8/PP2PPPP/RNBQKBNR
2,856,856,rnbqkbnr/ppp2ppp/4p3/3p4/2PP4/8/PP2PPPP/RNBQKBNR
2,872,872,rnbqkbnr/ppp2ppp/4p3/3p4/2PP4/2N5/PP2PPPP/R1BQKBNR
2,896,896,rnbqkb1r/ppp2ppp/4pn2/3p4/2PP4/2N5/PP2PPPP/R1BQKBNR
2,936,936,rnbqkb1r/ppp2ppp/4pn2/3p2B1/2PP4/2N5/PP2PPPP/R2QKBNR
2,1024,1024,rnbqk2r/ppp1bppp/4pn2/3p2B1/2PP4/2N5/PP2PPPP/R2QKBNR
2,1040,1040,rnbqk2r/ppp1bppp/4pn2/3p2B1/2PP4/2N1P3/PP3PPP/R2QKBNR
2,1124,1124,rnbq1rk1/ppp1bppp/4pn2/3p2B1/2PP4/2N1P3/PP3PPP/R2QKBNR
2,1152,1152,rnbq1rk1/ppp1bppp/4pn2/3p2B1/2PP4/2N1PN2/PP3PPP/R2QKB1R
2,1172,1172,rnbq1rk1/ppp1bpp1/4pn1p/3p2B1/2PP4/2N1PN2/PP3PPP/R2QKB1R
2,1188,1188,rnbq1rk1/ppp1bpp1/4pn1p/3p4/2PP3B/2N1PN2/PP3PPP/R2QKB1R
2,1216,1216,rnbq1rk1/ppp1bpp1/4p2p/3p4/2PPn2B/2N1PN2/PP3PPP/R2QKB1R
2,1280,1280,rnbq1rk1/ppp1Bpp1/4p2p/3p4/2PPn3/2N1PN2/PP3PPP/R2QKB1R
2,1300,1300,rnb2rk1/ppp1qpp1/4p2p/3p4/2PPn3/2N1PN2/PP3PPP/R2QKB1R
2,1740,1740,rnb2rk1/ppp1qpp1/4p2p/3p4/2PPn3/2N1PN2/PPQ2PPP/R3KB1R
2,1916,1916,rnb2rk1/ppp1qpp1/4p2p/3p4/2PP4/2n1PN2/PPQ2PPP/R3KB1R
2,2000,2000,rnb2rk1/ppp1qpp1/4p2p/3p4/2PP4/2Q1PN2/PP3PPP/R3KB1R
2,3100,3100,rnb2rk1/ppp1qpp1/4p2p/8/2pP4/2Q1PN2/PP3PPP/R3KB1R
2,3308,3308,rnb2rk1/ppp1qpp1/4p2p/8/2BP4/2Q1PN2/PP3PPP/R3K2R
2,3328,3328,r1b2rk1/pppnqpp1/4p2p/8/2BP4/2Q1PN2/PP3PPP/R3K2R
2,3416,3416,r1b2rk1/pppnqpp1/4p2p/8/2BP4/2Q1PN2/PP3PPP/R4RK1
2,4264,4264,r1b2rk1/ppp1qpp1/1n2p2p/8/2BP4/2Q1PN2/PP3PPP/R4RK1
2,5044,5044,r1b2rk1/ppp1qpp1/1n2p2p/8/2BP4/2Q1PN2/PP3PPP/2R2RK1
2,6092,6092,r1b2rk1/pp2qpp1/1np1p2p/8/2BP4/2Q1PN2/PP3PPP/2R2RK1
2,6368,6368,r1b2rk1/pp2qpp1/1np1p2p/8/3P4/1BQ1PN2/PP3PPP/2R2RK1
2,6532,6532,r4rk1/pp1bqpp1/1np1p2p/8/3P4/1BQ1PN2/PP3PPP/2R2RK1
2,6568,6568,r4rk1/pp1bqpp1/1np1p2p/4N3/3P4/1BQ1P3/PP3PPP/2R2RK1
2,7000,7000,2r2rk1/pp1bqpp1/1np1p2p/4N3/3P4/1BQ1P3/PP3PPP/2R2RK1
2,7728,7728,2r2rk1/pp1bqpp1/1np1p2p/Q3N3/3P4/1B2P3/PP3PPP/2R2RK1
2,8952,8952,r4rk1/pp1bqpp1/1np1p2p/Q3N3/3P4/1B2P3/PP3PPP/2R2RK1
2,8988,8988,r4rk1/pp1bqpp1/1np1p2p/2Q1N3/3P4/1B2P3/PP3PPP/2R2RK1
2,9384,9384,r3r1k1/pp1bqpp1/1np1p2p/2Q1N3/3P4/1B2P3/PP3PPP/2R2RK1
2,9884,9884,r3r1k1/pp1bqpp1/1np1p2p/2Q1N3/P2P4/1B2P3/1P3PPP/2R2RK1
2,10096,10096,r3r1k1/pp1bqpp1/2p1p2p/2QnN3/P2P4/1B2P3/1P3PPP/2R2RK1
2,11140,11140,r3r1k1/pp1bqpp1/2p1p2p/2QBN3/P2P4/4P3/1P3PPP/2R2RK1
2,11456,11456,r3r1k1/pp1bqpp1/2p4p/2QpN3/P2P4/4P3/1P3PPP/2R2RK1
2,11696,11696,r3r1k1/pp1bQpp1/2p4p/3pN3/P2P4/4P3/1P3PPP/2R2RK1
2,11712,11712,r5k1/pp1brpp1/2p4p/3pN3/P2P4/4P3/1P3PPP/2R2RK1
2,11740,11740,r5k1/pp1Nrpp1/2p4p/3p4/P2P4/4P3/1P3PPP/2R2RK1
2,11760,11760,r5k1/pp1r1pp1/2p4p/3p4/P2P4/4P3/1P3PPP/2R2RK1
2,12092,12092,r5k1/pp1r1pp1/2p4p/3p4/PP1P4/4P3/5PPP/2R2RK1
2,12864,12864,2r3k1/pp1r1pp1/2p4p/3p4/PP1P4/4P3/5PPP/2R2RK1
2,13328,13328,2r3k1/pp1r1pp1/2p4p/3p4/PP1P4/4P3/2R2PPP/5RK1
2,13616,13616,2r3k1/ppr2pp1/2p4p/3p4/PP1P4/4P3/2R2PPP/5RK1
2,13636,13636,2r3k1/ppr2pp1/2p4p/3p4/PP1P4/4P3/2R2PPP/2R3K1
2,13896,13896,2r2k2/ppr2pp1/2p4p/3p4/PP1P4/4P3/2R2PPP/2R3K1
2,14132,14132,2r2k2/ppr2pp1/2p4p/3p4/PP1P4/4P3/2R2PPP/2R2K2
2,14180,14180,2r5/ppr1kpp1/2p4p/3p4/PP1P4/4P3/2R2PPP/2R2K2
2,14208,14208,2r5/ppr1kpp1/2p4p/3p4/PP1P4/4P3/2R1KPPP/2R5
2,14256,14256,2r5/ppr2pp1/2pk3p/3p4/PP1P4/4P3/2R1KPPP/2R5
2,14348,14348,2r5/ppr2pp1/2pk3p/3p4/PP1P4/3KP3/2R2PPP/2R5
2,14904,14904,2r5/p1r2pp1/1ppk3p/3p4/PP1P4/3KP3/2R2PPP/2R5
2,16592,16592,2r5/p1r2pp1/1ppk3p/3p4/PP1P2P1/3KP3/2R2P1P/2R5
2,18764,18764,2r5/p1r2pp1/1p1k3p/2pp4/PP1P2P1/3KP3/2R2P1P/2R5
2,19352,19352,2r5/p1r2pp1/1p1k3p/2Pp4/PP4P1/3KP3/2R2P1P/2R5
2,19384,19384,2r5/p1r2pp1/3k3p/2pp4/PP4P1/3KP3/2R2P1P/2R5
2,19936,19936,2r5/p1r2pp1/3k3p/2Rp4/PP4P1/3KP3/5P1P/2R5
2,19976,19976,2r5/p4pp1/3k3p/2rp4/PP4P1/3KP3/5P1P/2R5
2,19988,19988,2r5/p4pp1/3k3p/2Rp4/PP4P1/3KP3/5P1P/8
2,20008,20008,8/p4pp1/3k3p/2rp4/PP4P1/3KP3/5P1P/8
2,20024,20024,8/p4pp1/3k3p/2Pp4/P5P1/3KP3/5P1P/8
2,20048,20048,8/p4pp1/7p/2kp4/P5P1/3KP3/5P1P/8
2,20064,20064,8/p4pp1/7p/2kp4/P5P1/2K1P3/5P1P/8
2,21900,21900,8/p4p2/7p/2kp2p1/P5P1/2K1P3/5P1P/8
2,23676,23676,8/p4p2/7p/2kp2p1/P4PP1/2K1P3/7P/8
2,26928,26928,8/5p2/p6p/2kp2p1/P4PP1/2K1P3/7P/8
2,30604,30604,8/5p2/p6p/2kp1Pp1/P5P1/2K1P3/7P/8
2,30388,30388,8/8/p4p1p/2kp1Pp1/P5P1/2K1P3/7P/8
2,31032,31032,8/8/p4p1p/P1kp1Pp1/6P1/2K1P3/7P/8
2,31120,31120,8/8/p4p1p/Pk1p1Pp1/6P1/2K1P3/7P/8
2,31140,31140,8/8/p4p1p/Pk1p1Pp1/3K2P1/4P3/7P/8
2,31332,31332,8/8/p4p1p/k2p1Pp1/3K2P1/4P3/7P/8
2,31664,31664,8/8/p4p1p/k2K1Pp1/6P1/4P3/7P/8
2,31800,31800,8/8/pk3p1p/3K1Pp1/6P1/4P3/7P/8
4,28,28,rnbqkbnr/pppppppp/8/8/8/8/PPPPPPPP/RNBQKBNR
4,576,576,rnbqkbnr/pppppppp/8/8/4P3/8/PPPP1PPP/RNBQKBNR
4,588,588,rnbqkbnr/pp1ppppp/8/2p5/4P3/8/PPPP1PPP/RNBQKBNR
4,604,604,rnbqkbnr/pp1ppppp/8/2p5/4P3/2P5/PP1P1PPP/RNBQKBNR
4,616,616,rnbqkb1r/pp1ppppp/5n2/2p5/4P3/2P5/PP1P1PPP/RNBQKBNR
4,628,628,rnbqkb1r/pp1ppppp/5n2/2p1P3/8/2P5/PP1P1PPP/RNBQKBNR
4,640,640,rnbqkb1r/pp1ppppp/8/2pnP3/8/2P5/PP1P1PPP/RNBQKBNR
4,656,656,rnbqkb1r/pp1ppppp/8/2pnP3/3P4/2P5/PP3PPP/RNBQKBNR
4,748,748,rnbqkb1r/pp1ppppp/8/3nP3/3p4/2P5/PP3PPP/RNBQKBNR
4,760,760,rnbqkb1r/pp1ppppp/8/3nP3/3P4/8/PP3PPP/RNBQKBNR
4,820,820,rnbqkb1r/pp2pppp/3p4/3nP3/3P4/8/PP3PPP/RNBQKBNR
4,848,848,rnbqkb1r/pp2pppp/3p4/3nP3/3P4/5N2/PP3PPP/RNBQKB1R
4,876,876,r1bqkb1r/pp2pppp/2np4/3nP3/3P4/5N2/PP3PPP/RNBQKB1R
4,892,892,r1bqkb1r/pp2pppp/2np4/3nP3/2BP4/5N2/PP3PPP/RNBQK2R
4,924,924,r1bqkb1r/pp2pppp/2n5/3np3/2BP4/5N2/PP3PPP/RNBQK2R
4,964,964,r1bqkb1r/pp2pppp/2n5/3nP3/2B5/5N2/PP3PPP/RNBQK2R
4,1320,1320,r2qkb1r/pp2pppp/2n1b3/3nP3/2B5/5N2/PP3PPP/RNBQK2R
4,1396,1396,r2qkb1r/pp2pppp/2n1b3/3nP3/2B5/5N2/PP3PPP/RNBQ1RK1
4,1544,1544,r2qkb1r/pp2pp1p/2n1b1p1/3nP3/2B5/5N2/PP3PPP/RNBQ1RK1
4,1664,1664,r2qkb1r/pp2pp1p/2n1b1p1/3nP3/2B5/1Q3N2/PP3PPP/RNB2RK1
4,2156,2156,r2qk2r/pp2ppbp/2n1b1p1/3nP3/2B5/1Q3N2/PP3PPP/RNB2RK1
4,3232,3232,r2qk2r/pp2ppbp/2n1b1p1/3nP3/2B5/1Q3N2/PP3PPP/RNB1R1K1
4,3748,3748,r2q1rk1/pp2ppbp/2n1b1p1/3nP3/2B5/1Q3N2/PP3PPP/RNB1R1K1
4,4284,4284,r2q1rk1/pp2ppbp/2n1b1p1/3nP3/2B5/1Q3N2/PP1B1PPP/RN2R1K1
4,4660,4660,r2q1rk1/ppn1ppbp/2n1b1p1/4P3/2B5/1Q3N2/PP1B1PPP/RN2R1K1
4,4848,4848,r2q1rk1/ppn1ppbp/2n1B1p1/4P3/8/1Q3N2/PP1B1PPP/RN2R1K1
4,4880,4880,r2q1rk1/pp2ppbp/2n1n1p1/4P3/8/1Q3N2/PP1B1PPP/RN2R1K1
4,5968,5968,r2q1rk1/pQ2ppbp/2n1n1p1/4P3/8/5N2/PP1B1PPP/RN2R1K1
4,6504,6504,r2q1rk1/pQ2ppbp/4n1p1/4P3/3n4/5N2/PP1B1PPP/RN2R1K1
4,6656,6656,r2q1rk1/pQ2ppbp/4n1p1/4P3/3N4/8/PP1B1PPP/RN2R1K1
4,6808,6808,r2q1rk1/pQ2ppbp/6p1/4P3/3n4/8/PP1B1PPP/RN2R1K1
4,6856,6856,r2q1rk1/p3ppbp/6p1/4P3/3nQ3/8/PP1B1PPP/RN2R1K1
4,7992,7992,1r1q1rk1/p3ppbp/6p1/4P3/3nQ3/8/PP1B1PPP/RN2R1K1
4,8820,8820,1r1q1rk1/p3ppbp/6p1/4P3/3nQ3/2B5/PP3PPP/RN2R1K1
4,8896,8896,1r1q1rk1/p3ppbp/4n1p1/4P3/4Q3/2B5/PP3PPP/RN2R1K1
4,9148,9148,1r1q1rk1/p3ppbp/4n1p1/4P3/4Q3/2B5/PP1N1PPP/R3R1K1
4,9404,9404,1r1q1rk1/p3ppbp/6p1/2n1P3/4Q3/2B5/PP1N1PPP/R3R1K1
4,10588,10588,1r1q1rk1/p3ppbp/6p1/2n1P3/3Q4/2B5/PP1N1PPP/R3R1K1
4,11104,11104,1r1q1rk1/p3ppbp/6p1/4P3/3Q4/2Bn4/PP1N1PPP/R3R1K1
4,11668,11668,1r1q1rk1/p3ppbp/6p1/4P3/3Q4/2BnR3/PP1N1PPP/R5K1
4,12284,12284,1r3rk1/p3ppbp/6p1/4P3/3q4/2BnR3/PP1N1PPP/R5K1
4,12316,12316,1r3rk1/p3ppbp/6p1/4P3/3B4/3nR3/PP1N1PPP/R5K1
4,12444,12444,1r3rk1/p3ppbp/6p1/4P3/3B4/4R3/Pn1N1PPP/R5K1
4,12844,12844,1r3rk1/p3ppbp/6p1/4P3/3B4/4R3/Pn1N1PPP/1R4K1
4,12880,12880,1r3rk1/p3ppbp/6p1/4P3/2nB4/4R3/P2N1PPP/1R4K1
4,13192,13192,1R3rk1/p3ppbp/6p1/4P3/2nB4/4R3/P2N1PPP/6K1
4,13316,13316,1r4k1/p3ppbp/6p1/4P3/2nB4/4R3/P2N1PPP/6K1
4,13352,13352,1r4k1/p3ppbp/6p1/4P3/2nB4/1R6/P2N1PPP/6K1
4,14060,14060,3r2k1/p3ppbp/6p1/4P3/2nB4/1R6/P2N1PPP/6K1
4,14392,14392,3r2k1/p3ppbp/6p1/4P3/2NB4/1R6/P4PPP/6K1
4,14428,14428,6k1/p3ppbp/6p1/4P3/2Nr4/1R6/P4PPP/6K1
4,14464,14464,1R4k1/p3ppbp/6p1/4P3/2Nr4/8/P4PPP/6K1
4,14484,14484,1R3bk1/p3pp1p/6p1/4P3/2Nr4/8/P4PPP/6K1
4,14504,14504,1R3bk1/p3pp1p/6p1/4P3/3r4/4N3/P4PPP/6K1
4,15216,15216,1R3bk1/p3pp1p/6p1/4P3/r7/4N3/P4PPP/6K1
4,15864,15864,1R3bk1/p3pp1p/6p1/4P3/r7/4N1P1/P4P1P/6K1
4,15944,15944,1R3bk1/p3pp1p/6p1/4P3/8/4N1P1/r4P1P/6K1
4,15972,15972,1R3bk1/p3pp1p/6p1/3NP3/8/6P1/r4P1P/6K1
4,16136,16136,1R3b2/p3ppkp/6p1/3NP3/8/6P1/r4P1P/6K1
4,16232,16232,5b2/pR2ppkp/6p1/3NP3/8/6P1/r4P1P/6K1
4,18052,18052,5b2/pR2ppkp/6p1/r2NP3/8/6P1/5P1P/6K1
4,18384,18384,5b2/pR2Npkp/6p1/r3P3/8/6P1/5P1P/6K1
4,18432,18432,5b2/pR2Npkp/6p1/4r3/8/6P1/5P1P/6K1
4,18844,18844,5b2/pR3pkp/2N3p1/4r3/8/6P1/5P1P/6K1
4,19128,19128,5b2/pR3pkp/2N3p1/8/8/6P1/4rP1P/6K1
4,19488,19488,5b2/pR3pkp/2N3p1/8/8/6P1/4rP1P/5K2
4,19684,19684,5b2/pR3pkp/2N3p1/8/8/6P1/2r2P1P/5K2
4,20140,20140,3N1b2/pR3pkp/6p1/8/8/6P1/2r2P1P/5K2
4,22252,22252,3N1b2/1R3pkp/6p1/p7/8/6P1/2r2P1P/5K2
4,23452,23452,3N1b2/5Rkp/6p1/p7/8/6P1/2r2P1P/5K2
4,23508,23508,3N1bk1/5R1p/6p1/p7/8/6P1/2r2P1P/5K2
4,23540,23540,3N1bk1/7p/6p1/p7/5R2/6P1/2r2P1P/5K2
4,24180,24180,3N2k1/7p/3b2p1/p7/5R2/6P1/2r2P1P/5K2
4,24552,24552,3N2k1/7p/3b2p1/p7/4R3/6P1/2r2P1P/5K2
4,24584,24584,3N2k1/7p/6p1/p1b5/4R3/6P1/2r2P1P/5K2
4,25436,25436,3N2k1/7p/6p1/p1b5/5R2/6P1/2r2P1P/5K2
4,26828,26828,3N2k1/8/6p1/p1b4p/5R2/6P1/2r2P1P/5K2
4,27056,27056,6k1/8/4N1p1/p1b4p/5R2/6P1/2r2P1P/5K2
4,27112,27112,6k1/8/3bN1p1/p6p/5R2/6P1/2r2P1P/5K2
4,27627,27627,6k1/8/3bN1p1/p6p/3R4/6P1/2r2P1P/5K2
4,27984,27984,6k1/8/4N1p1/p3b2p/3R4/6P1/2r2P1P/5K2
4,28124,28124,6k1/8/4N1p1/p2Rb2p/8/6P1/2r2P1P/5K2
4,28412,28412,6k1/8/4N1p1/p2R3p/8/2b3P1/2r2P1P/5K2
4,29056,29056,6k1/8/6p1/p2R3p/5N2/2b3P1/2r2P1P/5K2
4,29184,29184,6k1/8/6p1/3R3p/p4N2/2b3P1/2r2P1P/5K2
4,29464,29464,3R2k1/8/6p1/7p/p4N2/2b3P1/2r2P1P/5K2
4,29500,29500,3R4/5k2/6p1/7p/p4N2/2b3P1/2r2P1P/5K2
4,29564,29564,R7/5k2/6p1/7p/p4N2/2b3P1/2r2P1P/5K2
4,30000,30000,R7/5k2/6p1/7p/p4N2/2b3P1/r4P1P/5K2
4,30060,30060,8/R4k2/6p1/7p/p4N2/2b3P1/r4P1P/5K2
4,30232,30232,6k1/R7/6p1/7p/p4N2/2b3P1/r4P1P/5K2
4,30952,30952,R5k1/8/6p1/7p/p4N2/2b3P1/r4P1P/5K2
4,31008,31008,R7/7k/6p1/7p/p4N2/2b3P1/r4P1P/5K2
4,31332,31332,8/R6k/6p1/7p/p4N2/2b3P1/r4P1P/5K2
4,31432,31432,8/R7/6pk/7p/p4N2/2b3P1/r4P1P/5K2
4,31880,31880,8/8/R5pk/7p/p4N2/2b3P1/r4P1P/5K2
4,31912,31912,8/8/R5pk/7p/5N2/p1b3P1/r4P1P/5K2
4,31944,31944,8/8/6Rk/7p/5N2/p1b3P1/r4P1P/5K2
4,31960,31960,8/7k/6R1/7p/5N2/p1b3P1/r4P1P/5K2
4,32288,32288,8/7k/R7/7p/5N2/p1b3P1/r4P1P/5K2
4,32320,32320,8/7k/R7/7p/5N2/p1b3P1/5P1P/r4K2
4,32400,32400,8/7k/R7/7p/5N2/p1b3P1/5PKP/r7
4,32808,32808,8/7k/R7/7p/3b1N2/p5P1/5PKP/r7
4,33452,33452,8/7k/8/7p/R2b1N2/p5P1/5PKP/r7
4,34136,34136,8/7k/8/7p/R4N2/p5P1/1b3PKP/r7
4,34236,34236,8/7k/8/7N/R7/p5P1/1b3PKP/r7
4,34268,34268,8/7k/8/7N/R7/p5P1/1b3PKP/3r4
4,34392,34392,8/7k/8/8/R4N2/p5P1/1b3PKP/3r4
4,34532,34532,8/7k/8/8/R4N2/p5P1/1b1r1PKP/8
4,35020,35020,8/7k/8/8/R4N1P/p5P1/1b1r1PK1/8
4,35056,35056,8/7k/8/8/R4N1P/p5P1/3r1PK1/2b5
4,35212,35212,8/7k/8/8/R4N1P/p4KP1/3r1P2/2b5
4,35238,35238,8/7k/8/8/R4N1P/p4KP1/2r2P2/2b5
4,35492,35492,8/7k/8/8/R6P/p2N1KP1/2r2P2/2b5
4,35704,35704,8/7k/8/8/R6P/p1rN1KP1/5P2/2b5
4,35720,35720,8/7k/8/8/R3K2P/p1rN2P1/5P2/2b5
4,35848,35848,8/7k/7b/8/R3K2P/p1rN2P1/5P2/8
4,35924,35924,8/7k/7b/8/R3KP1P/p1rN2P1/8/8
4,35972,35972,5b2/7k/8/8/R3KP1P/p1rN2P1/8/8
4,36224,36224,5b2/7k/8/8/R3KPPP/p1rN4/8/8
4,36244,36244,5b2/7k/8/8/R3KPPP/p2N4/2r5/8
4,36400,36400,5b2/R6k/8/8/4KPPP/p2N4/2r5/8
4,36424,36424,5bk1/R7/8/8/4KPPP/p2N4/2r5/8
4,36484,36484,R4bk1/8/8/8/4KPPP/p2N4/2r5/8
4,36520,36520,R4bk1/8/8/8/2r1KPPP/p2N4/8/8
4,36556,36556,R4bk1/8/8/3K4/2r2PPP/p2N4/8/8
4,36580,36580,R4bk1/8/8/3K4/5PPP/p1rN4/8/8
4,36652,36652,R4bk1/8/8/3KN3/5PPP/p1r5/8/8
4,36740,36740,R4bk1/8/8/3KN3/5PPP/p6r/8/8
4,36772,36772,R4bk1/8/6N1/3K4/5PPP/p6r/8/8
4,36796,36796,R4b2/6k1/6N1/3K4/5PPP/p6r/8/8
4,36812,36812,R4N2/6k1/8/3K4/5PPP/p6r/8/8
4,36984,36984,R4N2/6k1/8/3K4/5PPr/p7/8/8
4,37000,37000,R7/6k1/4N3/3K4/5PPr/p7/8/8
4,37024,37024,R7/8/4Nk2/3K4/5PPr/p7/8/8
4,37040,37040,R7/8/4Nk2/3K2P1/5P1r/p7/8/8
4,37076,37076,R7/4k3/4N3/3K2P1/5P1r/p7/8/8
4,37108,37108,8/4k3/4N3/3K2P1/5P1r/R7/8/8
4,37128,37128,8/4k3/4N3/3K2P1/5P2/R7/8/7r
4,37180,37180,8/4k3/4N3/3K2P1/5P2/4R3/8/7r
4,37208,37208,8/4k3/4N3/3K2P1/5P2/4R3/8/3r4
4,37220,37220,8/4k3/4N3/4K1P1/5P2/4R3/8/3r4
4,37264,37264,8/4k3/4N3/4K1P1/5P2/4R3/8/r7
4,37340,37340,8/4k3/4N3/5KP1/5P2/4R3/8/r7
4,37392,37392,8/4k3/4N3/r4KP1/5P2/4R3/8/8
4,37420,37420,8/4k3/4N3/r3RKP1/5P2/8/8/8
4,37504,37504,8/4k3/4N3/4RKP1/5P2/8/8/r7
4,37528,37528,8/4k3/8/4RKP1/3N1P2/8/8/r7
4,37576,37576,8/5k2/8/4RKP1/3N1P2/8/8/r7
4,37596,37596,8/5k2/6P1/4RK2/3N1P2/8/8/r7
4,37636,37636,6k1/8/6P1/4RK2/3N1P2/8/8/r7
4,37668,37668,6k1/8/5KP1/4R3/3N1P2/8/8/r7
4,37696,37696,6k1/8/r4KP1/4R3/3N1P2/8/8/8
4,37716,37716,6k1/8/r3RKP1/8/3N1P2/8/8/8
4,37740,37740,r5k1/8/4RKP1/8/3N1P2/8/8/8
4,37772,37772,r5k1/8/4RKP1/5N2/5P2/8/8/8
4,37820,37820,5rk1/8/4RKP1/5N2/5P2/8/8/8
4,37840,37840,5rk1/8/4R1P1/5NK1/5P2/8/8/8
4,37896,37896,r5k1/8/4R1P1/5NK1/5P2/8/8/8
4,37940,37940,r5k1/4R3/6P1/5NK1/5P2/8/8/8
4,38044,38044,1r4k1/4R3/6P1/5NK1/5P2/8/8/8
4,38208,38208,1r4k1/4R3/6PN/6K1/5P2/8/8/8
4,38236,38236,1r3k2/4R3/6PN/6K1/5P2/8/8/8
4,38244,38244,1r3k2/5R2/6PN/6K1/5P2/8/8/8
4,38260,38260,1r2k3/5R2/6PN/6K1/5P2/8/8/8
4,38276,38276,1r2k3/7R/6PN/6K1/5P2/8/8/8
4,38308,38308,4k3/7R/6PN/1r4K1/5P2/8/8/8
4,38316,38316,4k3/7R/6PN/1r3PK1/8/8/8/8
4,38336,38336,4k3/7R/6PN/5PK1/8/8/8/1r6
4,38360,38360,4k3/6PR/7N/5PK1/8/8/8/1r6
4,38424,38424,4k3/6PR/7N/5PK1/8/8/8/6r1
4,38480,38480,4k3/6PR/5K1N/5P2/8/8/8/6r1
4,38728,38728,3k4/6PR/5K1N/5P2/8/8/8/6r1
4,38772,38772,3k2Q1/7R/5K1N/5P2/8/8/8/6r1
4,38804,38804,3k2r1/7R/5K1N/5P2/8/8/8/8
4,38816,38816,3k2N1/7R/5K2/5P2/8/8/8/8
4,38832,38832,4k1N1/7R/5K2/5P2/8/8/8/8
4,38852,38852,4k1N1/7R/4K3/5P2/8/8/8/8
4,38872,38872,5kN1/7R/4K3/5P2/8/8/8/8
4,38924,38924,5kN1/R7/4K3/5P2/8/8/8/8
4,38976,38976,6k1/R7/4K3/5P2/8/8/8/8
4,39008,39008,6k1/R7/5K2/5P2/8/8/8/8
4,39032,39032,7k/R7/5K2/5P2/8/8/8/8
4,39056,39056,7k/R7/6K1/5P2/8/8/8/8
4,39060,39060,6k1/R7/6K1/5P2/8/8/8/8
4,39084,39084,R5k1/8/6K1/5P2/8/8/8/8
5,44,44,rnbqkbnr/pppppppp/8/8/8/8/PPPPPPPP/RNBQKBNR
5,528,528,rnbqkbnr/pppppppp/8/8/3P4/8/PPP1PPPP/RNBQKBNR
5,548,548,rnbqkb1r/pppppppp/5n2/8/3P4/8/PPP1PPPP/RNBQKBNR
5,584,584,rnbqkb1r/pppppppp/5n2/6B1/3P4/8/PPP1PPPP/RN1QKBNR
5,664,664,rnbqkb1r/pp1ppppp/5n2/2p3B1/3P4/8/PPP1PPPP/RN1QKBNR
5,724,724,rnbqkb1r/pp1ppppp/5B2/2p5/3P4/8/PPP1PPPP/RN1QKBNR
5,752,752,rnbqkb1r/pp1p1ppp/5p2/2p5/3P4/8/PPP1PPPP/RN1QKBNR
5,1240,1240,rnbqkb1r/pp1p1ppp/5p2/2pP4/8/8/PPP1PPPP/RN1QKBNR
5,1332,1332,rnbqkb1r/pp1p1p1p/5pp1/2pP4/8/8/PPP1PPPP/RN1QKBNR
5,1372,1372,rnbqkb1r/pp1p1p1p/5pp1/2pP4/2P5/8/PP2PPPP/RN1QKBNR
5,1412,1412,rnbqk2r/pp1p1pbp/5pp1/2pP4/2P5/8/PP2PPPP/RN1QKBNR
5,1444,1444,rnbqk2r/pp1p1pbp/5pp1/2pP4/2P5/2N5/PP2PPPP/R2QKBNR
5,1656,1656,rnbq1rk1/pp1p1pbp/5pp1/2pP4/2P5/2N5/PP2PPPP/R2QKBNR
5,1840,1840,rnbq1rk1/pp1p1pbp/5pp1/2pP4/2P5/2N1P3/PP3PPP/R2QKBNR
5,1908,1908,rnbq1rk1/pp1p1pbp/6p1/2pP1p2/2P5/2N1P3/PP3PPP/R2QKBNR
5,2360,2360,rnbq1rk1/pp1p1pbp/6p1/2pP1p2/2P5/2N1P1P1/PP3P1P/R2QKBNR
5,2472,2472,rnbq1rk1/pp3pbp/3p2p1/2pP1p2/2P5/2N1P1P1/PP3P1P/R2QKBNR
5,2516,2516,rnbq1rk1/pp3pbp/3p2p1/2pP1p2/2P5/2N1P1P1/PP3PBP/R2QK1NR
5,2552,2552,rnbq1rk1/p4pbp/3p2p1/1ppP1p2/2P5/2N1P1P1/PP3PBP/R2QK1NR
5,2852,2852,rnbq1rk1/p4pbp/3p2p1/1PpP1p2/8/2N1P1P1/PP3PBP/R2QK1NR
5,2880,2880,rnbq1rk1/5pbp/p2p2p1/1PpP1p2/8/2N1P1P1/PP3PBP/R2QK1NR
5,2924,2924,rnbq1rk1/5pbp/P2p2p1/2pP1p2/8/2N1P1P1/PP3PBP/R2QK1NR
5,3100,3100,rn1q1rk1/5pbp/b2p2p1/2pP1p2/8/2N1P1P1/PP3PBP/R2QK1NR
5,3140,3140,rn1q1rk1/5pbp/b2p2p1/2pP1p2/8/2N1P1P1/PP2NPBP/R2QK2R
5,3264,3264,r2q1rk1/3n1pbp/b2p2p1/2pP1p2/8/2N1P1P1/PP2NPBP/R2QK2R
5,3720,3720,r2q1rk1/3n1pbp/b2p2p1/2pP1p2/8/2N1P1P1/PP2NPBP/R2Q1RK1
5,3788,3788,r2q1rk1/5pbp/b2p2p1/2pPnp2/8/2N1P1P1/PP2NPBP/R2Q1RK1
5,4168,4168,r2q1rk1/5pbp/b2p2p1/2pPnp2/8/2N1P1P1/PPQ1NPBP/R4RK1
5,4264,4264,r4rk1/5pbp/b2p2p1/q1pPnp2/8/2N1P1P1/PPQ1NPBP/R4RK1
5,4604,4604,r4rk1/5pbp/b2p2p1/q1pPnp2/8/2N1P1P1/PPQ1NPBP/R2R2K1
5,4752,4752,r4rk1/5pbp/b2p2p1/q1pP1p2/2n5/2N1P1P1/PPQ1NPBP/R2R2K1
5,5160,5160,r4rk1/5pbp/b2p2p1/q1pP1p2/2n5/2N1P1P1/PPQ1NPBP/2RR2K1
5,5560,5560,r4rk1/5pbp/b2p2p1/q1pP1p2/8/2N1P1P1/PnQ1NPBP/2RR2K1
5,5792,5792,r4rk1/5pbp/b2p2p1/q1pP1p2/8/2N1P1P1/PQ2NPBP/2RR2K1
5,5828,5828,r4rk1/5pbp/3p2p1/q1pP1p2/8/2N1P1P1/PQ2bPBP/2RR2K1
5,6280,6280,r4rk1/5pbp/3p2p1/q1pP1p2/8/2N1P1P1/P3QPBP/2RR2K1
5,6320,6320,r4rk1/5p1p/3p2p1/q1pP1p2/8/2b1P1P1/P3QPBP/2RR2K1
5,6640,6640,r4rk1/5p1p/3p2p1/q1pP1p2/7P/2b1P1P1/P3QPB1/2RR2K1
5,6956,6956,r4rk1/5p1p/3p2p1/q1pPbp2/7P/4P1P1/P3QPB1/2RR2K1
5,7196,7196,r4rk1/5p1p/3p2p1/q1pPbp2/7P/4P1P1/P1R1QPB1/3R2K1
5,7236,7236,rr4k1/5p1p/3p2p1/q1pPbp2/7P/4P1P1/P1R1QPB1/3R2K1
5,7436,7436,rr4k1/5p1p/3p2p1/q1pPbp1P/8/4P1P1/P1R1QPB1/3R2K1
5,7544,7544,rr4k1/5p1p/q2p2p1/2pPbp1P/8/4P1P1/P1R1QPB1/3R2K1
5,8600,8600,rr4k1/5p1p/Q2p2p1/2pPbp1P/8/4P1P1/P1R2PB1/3R2K1
5,8620,8620,1r4k1/5p1p/r2p2p1/2pPbp1P/8/4P1P1/P1R2PB1/3R2K1
5,8652,8652,1r4k1/5p1p/r2p2P1/2pPbp2/8/4P1P1/P1R2PB1/3R2K1
5,9020,9020,1r4k1/7p/r2p2p1/2pPbp2/8/4P1P1/P1R2PB1/3R2K1
5,9308,9308,1r4k1/7p/r2p2p1/2pPbp2/8/4P1P1/P1R2P2/3R1BK1
5,9332,9332,1r4k1/7p/3p2p1/2pPbp2/8/r3P1P1/P1R2P2/3R1BK1
5,9500,9500,1r4k1/7p/3p2p1/2pPbp2/8/r2RP1P1/P1R2P2/5BK1
5,11108,11108,1r4k1/7p/3p2p1/2pPbp2/8/3rP1P1/P1R2P2/5BK1
5,11152,11152,1r4k1/7p/3p2p1/2pPbp2/8/3BP1P1/P1R2P2/6K1
5,11364,11364,1r6/5k1p/3p2p1/2pPbp2/8/3BP1P1/P1R2P2/6K1
5,11488,11488,1r6/5k1p/3p2p1/2pPbp2/8/3BP1P1/P1R2PK1/8
5,11884,11884,8/5k1p/3p2p1/2pPbp2/8/3BP1P1/P1R2PK1/1r6
5,13728,13728,8/5k1p/3p2p1/2pPbp2/P7/3BP1P1/2R2PK1/1r6
5,14008,14008,8/5k1p/3p2p1/2pPbp2/P7/3BP1P1/2R2PK1/r7
5,14124,14124,8/5k1p/3p2p1/1BpPbp2/P7/4P1P1/2R2PK1/r7
5,14148,14148,8/4k2p/3p2p1/1BpPbp2/P7/4P1P1/2R2PK1/r7
5,14872,14872,8/4k2p/3p2p1/1BpPbp2/P7/4P1P1/3R1PK1/r7
5,14972,14972,3k4/7p/3p2p1/1BpPbp2/P7/4P1P1/3R1PK1/r7
5,15364,15364,3k4/7p/3p2p1/1BpPbp2/P7/4P1P1/4RPK1/r7
5,17528,17528,8/2k4p/3p2p1/1BpPbp2/P7/4P1P1/4RPK1/r7
5,18124,18124,8/2k4p/3p2p1/1BpPbp2/P4P2/4P1P1/4R1K1/r7
5,18568,18568,8/2k4p/3p2p1/1BpP1p2/P4P2/2b1P1P1/4R1K1/r7
5,18764,18764,8/2k4p/3p2p1/1BpP1p2/P3PP2/2b3P1/4R1K1/r7
5,18928,18928,8/2k4p/3p2p1/1BpP1p2/P3PP2/2b3P1/4R1K1/3r4
5,20172,20172,8/2k4p/3p2p1/1BpPPp2/P4P2/2b3P1/4R1K1/3r4
5,24528,24528,8/2k4p/6p1/1BpPpp2/P4P2/2b3P1/4R1K1/3r4
5,24560,24560,8/2k4p/6p1/1BpPPp2/P7/2b3P1/4R1K1/3r4
5,24600,24600,8/2k4p/6p1/1BprPp2/P7/2b3P1/4R1K1/8
5,24684,24684,8/2k4p/4P1p1/1Bpr1p2/P7/2b3P1/4R1K1/8
5,27424,27424,8/2k4p/4Pbp1/1Bpr1p2/P7/6P1/4R1K1/8
5,24756,24756,8/2k1P2p/5bp1/1Bpr1p2/P7/6P1/4R1K1/8
5,24772,24772,8/2k1b2p/6p1/1Bpr1p2/P7/6P1/4R1K1/8
5,24796,24796,8/2k1R2p/6p1/1Bpr1p2/P7/6P1/6K1/8
5,24812,24812,8/4R2p/1k4p1/1Bpr1p2/P7/6P1/6K1/8
5,25004,25004,8/7R/1k4p1/1Bpr1p2/P7/6P1/6K1/8
5,25024,25024,8/7R/6p1/kBpr1p2/P7/6P1/6K1/8
5,25284,25284,8/6R1/6p1/kBpr1p2/P7/6P1/6K1/8
5,25744,25744,8/6R1/3r2p1/kBp2p2/P7/6P1/6K1/8
5,27140,27140,4B3/6R1/3r2p1/k1p2p2/P7/6P1/6K1/8
5,28056,28056,4B3/6R1/3r2p1/k4p2/P1p5/6P1/6K1/8
5,28228,28228,8/6R1/3r2B1/k4p2/P1p5/6P1/6K1/8
5,28852,28852,8/6R1/5rB1/k4p2/P1p5/6P1/6K1/8
5,29860,29860,4B3/6R1/5r2/k4p2/P1p5/6P1/6K1/8
5,29960,29960,4B3/6R1/5r2/k4p2/P7/2p3P1/6K1/8
5,30000,30000,4B3/2R5/5r2/k4p2/P7/2p3P1/6K1/8
5,30036,30036,4B3/2R5/5r2/5p2/Pk6/2p3P1/6K1/8
5,31272,31272,4B3/2R5/5r2/5p2/Pk6/2p3P1/5K2/8
5,31428,31428,4B3/2R5/5r2/5p2/P7/1kp3P1/5K2/8
5,31960,31960,8/2R5/5r2/1B3p2/P7/1kp3P1/5K2/8
5,32060,32060,8/2R5/3r4/1B3p2/P7/1kp3P1/5K2/8
5,32120,32120,8/2R5/3r4/1B3p2/P7/1kp1K1P1/8/8
5,32488,32488,8/2R5/4r3/1B3p2/P7/1kp1K1P1/8/8
5,32852,32852,8/2R5/4r3/1B3p2/P2K4/1kp3P1/8/8
5,32988,32988,8/2R5/3r4/1B3p2/P2K4/1kp3P1/8/8
5,33260,33260,8/2R5/3r4/1B3p2/P7/1kp1K1P1/8/8
5,33416,33416,8/2R5/4r3/1B3p2/P7/1kp1K1P1/8/8
5,33636,33636,8/2R5/4r3/1B3p2/P7/1kp2KP1/8/8
5,34084,34084,8/2R5/3r4/1B3p2/P7/1kp2KP1/8/8
5,34412,34412,8/2R5/3r4/PB3p2/8/1kp2KP1/8/8
5,34352,34352,8/2R5/3r4/PB3p2/8/1k3KP1/2p5/8
5,34436,34436,8/2R5/P2r4/1B3p2/8/1k3KP1/2p5/8
5,34536,34536,8/2R5/P2r4/1B3p2/8/5KP1/1kp5/8
5,34576,34576,8/P1R5/3r4/1B3p2/8/5KP1/1kp5/8
5,34592,34592,3r4/P1R5/8/1B3p2/8/5KP1/1kp5/8
5,34668,34668,3r4/P7/8/1B3p2/8/5KP1/1kR5/8
5,34668,34668,3r4/P7/8/1B3p2/8/5KP1/2k5/8
5,34708,34708,3r4/P7/2B5/5p2/8/5KP1/2k5/8
6,36,36,rnbqkbnr/pppppppp/8/8/8/8/PPPPPPPP/RNBQKBNR
6,492,492,rnbqkbnr/pppppppp/8/8/3P4/8/PPP1PPPP/RNBQKBNR
6,532,532,rnbqkbnr/ppp1pppp/8/3p4/3P4/8/PPP1PPPP/RNBQKBNR
6,600,600,rnbqkbnr/ppp1pppp/8/3p4/3P1B2/8/PPP1PPPP/RN1QKBNR
6,616,616,rnbqkbnr/ppp2ppp/4p3/3p4/3P1B2/8/PPP1PPPP/RN1QKBNR
6,636,636,rnbqkbnr/ppp2ppp/4p3/3p4/3P1B2/4P3/PPP2PPP/RN1QKBNR
6,692,692,rnbqkb1r/ppp2ppp/4pn2/3p4/3P1B2/4P3/PPP2PPP/RN1QKBNR
6,788,788,rnbqkb1r/ppp2ppp/4pn2/3p4/3P1B2/4P3/PPPN1PPP/R2QKBNR
6,808,808,rnbqk2r/ppp2ppp/3bpn2/3p4/3P1B2/4P3/PPPN1PPP/R2QKBNR
6,824,824,rnbqk2r/ppp2ppp/3bpn2/3p4/3P4/4P1B1/PPPN1PPP/R2QKBNR
6,960,960,rnbqk2r/p1p2ppp/1p1bpn2/3p4/3P4/4P1B1/PPPN1PPP/R2QKBNR
6,1024,1024,rnbqk2r/p1p2ppp/1p1bpn2/3p4/3P4/2P1P1B1/PP1N1PPP/R2QKBNR
6,1036,1036,rn1qk2r/pbp2ppp/1p1bpn2/3p4/3P4/2P1P1B1/PP1N1PPP/R2QKBNR
6,1060,1060,rn1qk2r/pbp2ppp/1p1bpn2/3p4/3P4/2P1PNB1/PP1N1PPP/R2QKB1R
6,1100,1100,rn1q1rk1/pbp2ppp/1p1bpn2/3p4/3P4/2P1PNB1/PP1N1PPP/R2QKB1R
6,1216,1216,rn1q1rk1/pbp2ppp/1p1bpn2/3p4/3P4/2PBPNB1/PP1N1PPP/R2QK2R
6,1252,1252,rn1q1rk1/pbp2ppp/1p1bp3/3p4/3Pn3/2PBPNB1/PP1N1PPP/R2QK2R
6,1680,1680,rn1q1rk1/pbp2ppp/1p1bp3/3p4/3Pn2B/2PBPN2/PP1N1PPP/R2QK2R
6,2000,2000,rn1q1rk1/pbp3pp/1p1bpp2/3p4/3Pn2B/2PBPN2/PP1N1PPP/R2QK2R
6,2260,2260,rn1q1rk1/pbp3pp/1p1bpp2/3p4/3Pn2B/2PBPN2/PPQN1PPP/R3K2R
6,3248,3248,rn1q1rk1/pbp3pp/1p1bpp2/3p4/3P3B/2PBPN2/PPQn1PPP/R3K2R
6,3604,3604,rn1q1rk1/pbp3pB/1p1bpp2/3p4/3P3B/2P1PN2/PPQn1PPP/R3K2R
6,3724,3724,rn1q1r1k/pbp3pB/1p1bpp2/3p4/3P3B/2P1PN2/PPQn1PPP/R3K2R
6,3904,3904,rn1q1r1k/pbp3pB/1p1bpp2/3p4/3P3B/2P1P3/PPQN1PPP/R3K2R
6,4184,4184,rn1q1r1k/pbp4B/1p1bpp2/3p2p1/3P3B/2P1P3/PPQN1PPP/R3K2R
6,4400,4400,rn1q1r1k/pbp4B/1p1bpp2/3p2p1/3P4/2P1P1B1/PPQN1PPP/R3K2R
6,4460,4460,rn1q1r1k/pbp4B/1p1bp3/3p1pp1/3P4/2P1P1B1/PPQN1PPP/R3K2R
6,4768,4768,rn1q1r1k/pbp4B/1p1Bp3/3p1pp1/3P4/2P1P3/PPQN1PPP/R3K2R
6,5196,5196,rn3r1k/pbp4B/1p1qp3/3p1pp1/3P4/2P1P3/PPQN1PPP/R3K2R
6,5236,5236,rn3r1k/pbp5/1p1qp1B1/3p1pp1/3P4/2P1P3/PPQN1PPP/R3K2R
6,5300,5300,rn3r2/pbp3k1/1p1qp1B1/3p1pp1/3P4/2P1P3/PPQN1PPP/R3K2R
6,5360,5360,rn3r2/pbp3k1/1p1qp3/3p1ppB/3P4/2P1P3/PPQN1PPP/R3K2R
6,5384,5384,rn5r/pbp3k1/1p1qp3/3p1ppB/3P4/2P1P3/PPQN1PPP/R3K2R
6,6112,6112,rn5r/pbp3k1/1p1qp3/3p1pp1/3P4/2P1P3/PPQNBPPP/R3K2R
6,6224,6224,rn6/pbp3k1/1p1qp3/3p1pp1/3P4/2P1P3/PPQNBPPr/R3K2R
6,6500,6500,rn6/pbp3k1/1p1qp3/3p1pp1/3P4/2P1P3/PPQNBPPr/2KR3R
6,6760,6760,r7/pbpn2k1/1p1qp3/3p1pp1/3P4/2P1P3/PPQNBPPr/2KR3R
6,8000,8000,r7/pbpn2k1/1p1qp3/3p1pp1/3P4/2P1PN2/PPQ1BPPr/2KR3R
6,8048,8048,r7/pbpn2k1/1p1qp3/3p1pp1/3P4/2P1PN2/PPQ1BPP1/2KR3r
6,8088,8088,r7/pbpn2k1/1p1qp3/3p1pp1/3P4/2P1PN2/PPQ1BPP1/2K4R
6,8644,8644,r7/pbpn2k1/1p1qp3/3p1p2/3P2p1/2P1PN2/PPQ1BPP1/2K4R
6,9844,9844,r7/pbpn2k1/1p1qp3/3p1pN1/3P2p1/2P1P3/PPQ1BPP1/2K4R
6,11180,11180,r7/pbp3k1/1p1qpn2/3p1pN1/3P2p1/2P1P3/PPQ1BPP1/2K4R
6,11688,11688,r7/pbp3k1/1p1qpn2/3p1pN1/3P1Pp1/2P1P3/PPQ1B1P1/2K4R
6,16936,16936,r7/p1p3k1/1pbqpn2/3p1pN1/3P1Pp1/2P1P3/PPQ1B1P1/2K4R
6,17664,17664,r7/p1p3k1/1pbqpn2/3p1pN1/3P1Pp1/2PBP3/PPQ3P1/2K4R
6,19768,19768,r7/p1pq2k1/1pb1pn2/3p1pN1/3P1Pp1/2PBP3/PPQ3P1/2K4R
6,20160,20160,r7/p1pq2k1/1pb1pn2/3p1pN1/3P1Pp1/2PBP1P1/PPQ5/2K4R
6,20508,20508,7r/p1pq2k1/1pb1pn2/3p1pN1/3P1Pp1/2PBP1P1/PPQ5/2K4R
6,20524,20524,7R/p1pq2k1/1pb1pn2/3p1pN1/3P1Pp1/2PBP1P1/PPQ5/2K5
6,20536,20536,7k/p1pq4/1pb1pn2/3p1pN1/3P1Pp1/2PBP1P1/PPQ5/2K5
6,20564,20564,7k/p1pq4/1pb1pn2/3p1pN1/3P1Pp1/2PBP1P1/PP5Q/2K5
6,20708,20708,8/p1pq2k1/1pb1pn2/3p1pN1/3P1Pp1/2PBP1P1/PP5Q/2K5
6,21964,21964,8/p1pq2k1/1pb1pn2/3p1pN1/3P1Pp1/1PPBP1P1/P6Q/2K5
6,22164,22164,4q3/p1p3k1/1pb1pn2/3p1pN1/3P1Pp1/1PPBP1P1/P6Q/2K5
6,22566,22566,4q3/p1p3k1/1pb1pn2/3p1pN1/3P1Pp1/1PPBP1P1/PK5Q/8
6,22716,22716,4q3/p1pb2k1/1p2pn2/3p1pN1/3P1Pp1/1PPBP1P1/PK5Q/8
6,23292,23292,4q3/p1pb2k1/1p2pn2/3p1pN1/3P1Pp1/1PPBP1P1/PK2Q3/8
6,23748,23748,4q3/2pb2k1/1p2pn2/p2p1pN1/3P1Pp1/1PPBP1P1/PK2Q3/8
6,24012,24012,4q3/2pb2k1/1p2pn2/p2p1pN1/P2P1Pp1/1PPBP1P1/1K2Q3/8
6,24520,24520,4q3/2pb2k1/1p2p3/p2p1pNn/P2P1Pp1/1PPBP1P1/1K2Q3/8
6,24952,24952,4q3/2pb2k1/1p2p3/p2p1pNn/P2P1Pp1/1PPBP1P1/1K5Q/8
6,25332,25332,4q3/3b2k1/1pp1p3/p2p1pNn/P2P1Pp1/1PPBP1P1/1K5Q/8
6,27248,27248,4q3/3b2k1/1pp1p3/p2p1pNn/P2P1PpQ/1PPBP1P1/1K6/8
6,27448,27448,4q3/3b2k1/1pp1pn2/p2p1pN1/P2P1PpQ/1PPBP1P1/1K6/8
6,28008,28008,4q3/3b2k1/1pp1pn2/p2p1pN1/P2P1Pp1/1PPBP1P1/1K5Q/8
6,28320,28320,7q/3b2k1/1pp1pn2/p2p1pN1/P2P1Pp1/1PPBP1P1/1K5Q/8
6,28904,28904,7q/3b2k1/1pp1pn2/p2p1pN1/P2P1Pp1/1PPBP1P1/1K4Q1/8
6,29012,29012,7q/3b2k1/2p1pn2/pp1p1pN1/P2P1Pp1/1PPBP1P1/1K4Q1/8
6,29716,29716,7q/3b2k1/2p1pn2/pP1p1pN1/3P1Pp1/1PPBP1P1/1K4Q1/8
6,29736,29736,7q/3b2k1/4pn2/pp1p1pN1/3P1Pp1/1PPBP1P1/1K4Q1/8
6,30460,30460,7q/3b2k1/4pn2/pp1p1pN1/3P1Pp1/1PPBP1P1/1K2Q3/8
6,30504,30504,7q/3b2k1/4pn2/p2p1pN1/1p1P1Pp1/1PPBP1P1/1K2Q3/8
6,30592,30592,7q/3b2k1/4pn2/p2p1pN1/1pPP1Pp1/1P1BP1P1/1K2Q3/8
6,31224,31224,q7/3b2k1/4pn2/p2p1pN1/1pPP1Pp1/1P1BP1P1/1K2Q3/8
6,31764,31764,q7/3b2k1/4pn2/p2p1pN1/1pPP1Pp1/1P1BP1P1/1K6/5Q2
6,31776,31776,q7/3b2k1/4pn2/3p1pN1/ppPP1Pp1/1P1BP1P1/1K6/5Q2
6,31792,31792,q7/3b2k1/4pn2/3p1pN1/ppPP1Pp1/1P1BP1P1/1K6/Q7
6,31880,31880,q7/3b2k1/4pn2/5pN1/pppP1Pp1/1P1BP1P1/1K6/Q7
6,32060,32060,q7/3b2k1/4pn2/5pN1/ppBP1Pp1/1P2P1P1/1K6/Q7
6,32080,32080,8/3b2k1/4pn2/5pN1/ppBP1Pp1/1P2P1P1/1K4q1/Q7
6,32104,32104,8/3b2k1/4pn2/5pN1/ppBP1Pp1/1P2P1P1/6q1/QK6
6,32136,32136,8/3b2k1/4pn2/5pN1/ppBP1Pp1/1P2P1P1/8/QK4q1
6,32224,32224,8/3b2k1/4pn2/5pN1/ppBP1Pp1/1P2P1P1/K7/Q5q1
6,32440,32440,8/3b2k1/4pn2/5pN1/ppBP1Pp1/1P2q1P1/K7/Q7
6,32832,32832,8/3b2k1/4pn2/5pN1/ppBP1Pp1/1P2q1P1/K7/7Q
6,32968,32968,8/3b2k1/4pn2/5pN1/ppBP1Pp1/1P4P1/K2q4/7Q
6,33252,33252,8/3b2k1/4pn2/5pN1/ppBP1Pp1/1P4P1/3q4/1K5Q
6,33372,33372,8/3b2k1/4pn2/5pN1/1pBP1Pp1/pP4P1/3q4/1K5Q
6,33612,33612,8/3b2k1/4Nn2/5p2/1pBP1Pp1/pP4P1/3q4/1K5Q
6,33628,33628,8/6k1/4bn2/5p2/1pBP1Pp1/pP4P1/3q4/1K5Q
6,33648,33648,8/1Q4k1/4bn2/5p2/1pBP1Pp1/pP4P1/3q4/1K6
6,33700,33700,8/1Q1b2k1/5n2/5p2/1pBP1Pp1/pP4P1/3q4/1K6
7,172,172,rnbqkbnr/pppppppp/8/8/8/8/PPPPPPPP/RNBQKBNR
7,428,428,rnbqkbnr/pppppppp/8/8/3P4/8/PPP1PPPP/RNBQKBNR
7,696,696,rnbqkb1r/pppppppp/5n2/8/3P4/8/PPP1PPPP/RNBQKBNR
7,708,708,rnbqkb1r/pppppppp/5n2/8/3P1B2/8/PPP1PPPP/RN1QKBNR
7,736,736,rnbqkb1r/ppp1pppp/5n2/3p4/3P1B2/8/PPP1PPPP/RN1QKBNR
7,748,748,rnbqkb1r/ppp1pppp/5n2/3p4/3P1B2/4P3/PPP2PPP/RN1QKBNR
7,760,760,rnbqkb1r/ppp2ppp/4pn2/3p4/3P1B2/4P3/PPP2PPP/RN1QKBNR
7,776,776,rnbqkb1r/ppp2ppp/4pn2/3p4/3P1B2/4PN2/PPP2PPP/RN1QKB1R
7,769,769,rnbqk2r/ppp2ppp/3bpn2/3p4/3P1B2/4PN2/PPP2PPP/RN1QKB1R
7,912,912,rnbqk2r/ppp2ppp/3bpn2/3p4/3P1B2/4PN2/PPPN1PPP/R2QKB1R
7,956,956,rnbqk2r/pp3ppp/2pbpn2/3p4/3P1B2/4PN2/PPPN1PPP/R2QKB1R
7,1048,1048,rnbqk2r/pp3ppp/2pbpn2/3p4/3P4/4PNB1/PPPN1PPP/R2QKB1R
7,1196,1196,rnb1k2r/ppq2ppp/2pbpn2/3p4/3P4/4PNB1/PPPN1PPP/R2QKB1R
7,1792,1792,rnb1k2r/ppq2ppp/2pbpn2/3pN3/3P4/4P1B1/PPPN1PPP/R2QKB1R
7,1820,1820,r1b1k2r/ppqn1ppp/2pbpn2/3pN3/3P4/4P1B1/PPPN1PPP/R2QKB1R
7,1880,1880,r1b1k2r/ppqn1ppp/2pbpn2/3pN3/3P1P2/4P1B1/PPPN2PP/R2QKB1R
7,1916,1916,r1b1k2r/p1qn1ppp/1ppbpn2/3pN3/3P1P2/4P1B1/PPPN2PP/R2QKB1R
7,1992,1992,r1b1k2r/p1qn1ppp/1ppbpn2/3pN3/3P1P2/2P1P1B1/PP1N2PP/R2QKB1R
7,2348,2348,r1b1k2r/2qn1ppp/1ppbpn2/p2pN3/3P1P2/2P1P1B1/PP1N2PP/R2QKB1R
7,2700,2700,r1b1k2r/2qn1ppp/1ppbpn2/p2pN3/3P1P2/2PBP1B1/PP1N2PP/R2QK2R
7,2900,2900,r3k2r/2qn1ppp/bppbpn2/p2pN3/3P1P2/2PBP1B1/PP1N2PP/R2QK2R
7,3076,3076,r3k2r/2qn1ppp/bppbpn2/p2pN3/3P1P2/2P1P1B1/PPBN2PP/R2QK2R
7,3400,3400,r4rk1/2qn1ppp/bppbpn2/p2pN3/3P1P2/2P1P1B1/PPBN2PP/R2QK2R
7,4516,4516,r4rk1/2qn1ppp/bppbpn2/p2pN3/3P1P2/2P1PQB1/PPBN2PP/R3K2R
7,4752,4752,r4rk1/2qn1ppp/bp1bpn2/p1ppN3/3P1P2/2P1PQB1/PPBN2PP/R3K2R
7,4952,4952,r4rk1/2qn1ppp/bp1bpn2/p1ppN3/3P1P1B/2P1PQ2/PPBN2PP/R3K2R
7,6944,6944,r4rk1/2qn1ppp/bp1bpn2/p2pN3/3p1P1B/2P1PQ2/PPBN2PP/R3K2R
7,7040,7040,r4rk1/2qn1ppp/bp1bpn2/p2pN3/3P1P1B/2P2Q2/PPBN2PP/R3K2R
7,7600,7600,r4rk1/2qn1p1p/bp1bpnp1/p2pN3/3P1P1B/2P2Q2/PPBN2PP/R3K2R
7,12180,12180,r4rk1/2qn1p1p/bp1bpnp1/p2pN3/3P1P1B/2P4Q/PPBN2PP/R3K2R
7,14272,14272,r1r3k1/2qn1p1p/bp1bpnp1/p2pN3/3P1P1B/2P4Q/PPBN2PP/R3K2R
7,15144,15144,r1r3k1/2qn1p1p/bp1bpnp1/p2pN3/3P1PPB/2P4Q/PPBN3P/R3K2R
7,16032,16032,r1r3k1/2qn1p1p/b2bpnp1/pp1pN3/3P1PPB/2P4Q/PPBN3P/R3K2R
7,16920,16920,r1r3k1/2qn1p1p/b2bpnp1/pp1pN3/3P1PPB/2P4Q/PPBN3P/R4RK1
7,17000,17000,r1r3k1/2qn1p1p/b2bpnp1/p2pN3/1p1P1PPB/2P4Q/PPBN3P/R4RK1
7,17092,17092,r1r3k1/2qn1p1p/b2bpnp1/p2pN3/1p1P1PPB/2P2R1Q/PPBN3P/R5K1
7,18136,18136,r1r3k1/2qn1p1p/b2bpnp1/p2pN3/3P1PPB/2p2R1Q/PPBN3P/R5K1
7,18284,18284,r1r3k1/2qn1p1p/b2bpnp1/p2pN3/3P1PPB/2P2R1Q/P1BN3P/R5K1
7,19232,19232,r1r3k1/2qn1p1p/b3pnp1/p2pN3/1b1P1PPB/2P2R1Q/P1BN3P/R5K1
7,21764,21764,r1r3k1/2qn1p1p/b3pnp1/p2pN3/Bb1P1PPB/2P2R1Q/P2N3P/R5K1
7,25640,25640,r1r3k1/2q2p1p/b3pnp1/p2pn3/Bb1P1PPB/2P2R1Q/P2N3P/R5K1
7,26196,26196,r1r3k1/2q2p1p/b3pnp1/p2pP3/Bb1P2PB/2P2R1Q/P2N3P/R5K1
7,26756,26756,r1r3k1/2q2p1p/b3p1p1/p2pP3/Bb1Pn1PB/2P2R1Q/P2N3P/R5K1
7,28516,28516,r1r3k1/2q2p1p/b3p1p1/p2pP3/Bb1PN1PB/2P2R1Q/P6P/R5K1
7,28556,28556,r1r3k1/2q2p1p/b3p1p1/p3P3/Bb1Pp1PB/2P2R1Q/P6P/R5K1
7,28972,28972,r1r3k1/2q2p1p/b3p1p1/p3P3/BP1Pp1PB/5R1Q/P6P/R5K1
7,29020,29020,r1r3k1/2q2p1p/b3p1p1/p3P3/BP1P2PB/5p1Q/P6P/R5K1
7,29020,29020,r1r3k1/2q2p1p/b3pBp1/p3P3/BP1P2P1/5p1Q/P6P/R5K1
7,29672,29672,r1r3k1/5p1p/b3pBp1/p3P3/BP1P2P1/2q2p1Q/P6P/R5K1
7,30032,30032,r1r3k1/5p1p/b3pBpQ/p3P3/BP1P2P1/2q2p2/P6P/R5K1
7,30544,30544,r1r3k1/5p1p/b3pBpQ/p3P3/BP1P2P1/5p2/P6P/q5K1
7,30560,30560,r1r3k1/5p1p/b3pBpQ/p3P3/BP1P2P1/5p2/P4K1P/q7
7,30576,30576,r1r3k1/5p1p/b3pBpQ/p3P3/BP1P2P1/5p2/Pq3K1P/8
7,30820,30820,r1r3k1/5p1p/b3pBpQ/p3P3/BP1P2P1/5K2/Pq5P/8
7,31296,31296,r1r3k1/5p1p/b3pBpQ/p3P3/BP1P2P1/5K2/P3q2P/8
7,31332,31332,r1r3k1/5p1p/b3pBpQ/p3P3/BP1P1KP1/8/P3q2P/8
7,31396,31396,r1r3k1/5p1p/b3pBpQ/p3P3/BP1P1KP1/8/P2q3P/8